"user_id";"company";"first_name";"last_name";"user_name"
1;"Dravid Foundation";"Rahul";"Dravid";"Rahul Dravid"
2;"Sachin Solutions";"Sachin";"Tendulkar";"Sachin Tendulkar"
3;"Tunuri Technologies";"Tunuri";"Aanvith";"Tunuri Aanvith"
4;"Dhoni Solutions";"MS";"Dhoni";"MS Dhoni"
5;"Anil Associations";"Anil";"Kumble";"Anil Kumble"
6;"Ronaldo Foundation";"Christiano";"Ronaldo";"Christiano Ronaldo"
7;"Sourav Solutions";"Sourav";"Ganguly";"Sourav Ganguly"
8;"Roger Technologies";"Roger";"Federer";"Roger Federer"
9;"Srikanth Solutions";"Kidambi";"Srikanth";"Kidambi Srikanth"
